{"v":"5.6.5","fr":24,"ip":0,"op":28,"w":48,"h":48,"nm":"jake","ddd":0,"assets":[],"layers":[{"ddd":0,"ind":1,"ty":4,"nm":"nose","sr":1,"ks":{"o":{"a":0,"k":100,"ix":11},"r":{"a":0,"k":0,"ix":10},"p":{"a":0,"k":[24,24.005,0],"ix":2},"a":{"a":0,"k":[24,24.005,0],"ix":1},"s":{"a":0,"k":[100,100,100],"ix":6}},"ao":0,"shapes":[{"ty":"gr","it":[{"ind":0,"ty":"sh","ix":1,"ks":{"a":1,"k":[{"i":{"x":0.667,"y":1},"o":{"x":0.333,"y":0},"t":6,"s":[{"i":[[2.209,0],[0,-1.105],[-2.209,0],[0,1.105]],"o":[[-2.209,0],[0,1.105],[2.209,0],[0,-1.105]],"v":[[0,-2],[-4,0],[0,2],[4,0]],"c":true}]},{"i":{"x":0.667,"y":1},"o":{"x":0.333,"y":0},"t":8,"s":[{"i":[[2.209,0],[0,-1.105],[-2.209,0],[0,1.105]],"o":[[-2.209,0],[0,1.105],[2.209,0],[0,-1.105]],"v":[[0,-3.063],[-4,-1.063],[0,0.938],[4,-1.063]],"c":true}]},{"i":{"x":0.667,"y":1},"o":{"x":0.333,"y":0},"t":14,"s":[{"i":[[2.209,0],[0,-1.105],[-2.209,0],[0,1.105]],"o":[[-2.209,0],[0,1.105],[2.209,0],[0,-1.105]],"v":[[0,-1.063],[-4,0.938],[0,2.938],[4,0.938]],"c":true}]},{"i":{"x":0.667,"y":1},"o":{"x":0.333,"y":0},"t":18,"s":[{"i":[[2.209,0],[0,-1.105],[-2.209,0],[0,1.105]],"o":[[-2.209,0],[0,1.105],[2.209,0],[0,-1.105]],"v":[[0,-2],[-4,0],[0,2],[4,0]],"c":true}]},{"t":20,"s":[{"i":[[2.209,0],[0,-1.105],[-2.209,0],[0,1.105]],"o":[[-2.209,0],[0,1.105],[2.209,0],[0,-1.105]],"v":[[0,-2],[-4,0],[0,2],[4,0]],"c":true}]}],"ix":2},"nm":"Path 1","mn":"ADBE Vector Shape - Group","hd":false},{"ty":"fl","c":{"a":0,"k":[0.129411771894,0.129411771894,0.129411771894,1],"ix":4},"o":{"a":0,"k":100,"ix":5},"r":1,"bm":0,"nm":"Fill 1","mn":"ADBE Vector Graphic - Fill","hd":false},{"ty":"tr","p":{"a":0,"k":[24,22],"ix":2},"a":{"a":0,"k":[0,0],"ix":1},"s":{"a":0,"k":[100,100],"ix":3},"r":{"a":0,"k":0,"ix":6},"o":{"a":0,"k":100,"ix":7},"sk":{"a":0,"k":0,"ix":4},"sa":{"a":0,"k":0,"ix":5},"nm":"Transform"}],"nm":"Group 1","np":2,"cix":2,"bm":0,"ix":1,"mn":"ADBE Vector Group","hd":false},{"ty":"gr","it":[{"ind":0,"ty":"sh","ix":1,"ks":{"a":1,"k":[{"i":{"x":0.667,"y":1},"o":{"x":0.333,"y":0},"t":6,"s":[{"i":[[11.46,0.28],[-1.045,-2.92],[-1.17,0],[-0.502,2.92],[-0.929,0.12],[-0.198,-1.23],[-3.134,0],[-0.637,1.77]],"o":[[-11.46,0.28],[0.637,1.77],[3.134,0],[0.198,-1.23],[0.93,0.12],[0.501,2.92],[1.17,0],[1.045,-2.92]],"v":[[0,-7.995],[-9.402,4.995],[-6.268,7.995],[-2.089,-0.005],[0,-1.845],[2.089,-0.005],[6.268,7.995],[9.402,4.995]],"c":true}]},{"i":{"x":0.667,"y":1},"o":{"x":0.333,"y":0},"t":8,"s":[{"i":[[11.46,0.28],[-1.045,-2.92],[-1.17,0],[-0.502,2.92],[-0.929,0.12],[-0.198,-1.23],[-3.134,0],[-0.637,1.77]],"o":[[-11.46,0.28],[0.637,1.77],[3.134,0],[0.198,-1.23],[0.93,0.12],[0.501,2.92],[1.17,0],[1.045,-2.92]],"v":[[0,-9.057],[-9.384,5.62],[-6.25,8.62],[-2.089,-1.068],[0,-2.908],[2.089,-1.068],[6.286,8.62],[9.42,5.62]],"c":true}]},{"i":{"x":0.667,"y":1},"o":{"x":0.333,"y":0},"t":14,"s":[{"i":[[7,0.115],[2.56,-1.751],[-1.336,-1.298],[-0.502,2.92],[-0.929,0.12],[-0.198,-1.23],[-2.356,2.067],[1.566,1.118]],"o":[[-6.375,0.177],[-1.611,1.102],[2.248,2.184],[0.198,-1.23],[0.93,0.12],[0.501,2.92],[0.879,-0.772],[-2.524,-1.803]],"v":[[0,-7.057],[-11.389,0.393],[-11.414,5.418],[-2.089,0.932],[0,-0.908],[2.089,0.932],[11.565,5.563],[11.434,0.689]],"c":true}]},{"i":{"x":0.667,"y":1},"o":{"x":0.333,"y":0},"t":18,"s":[{"i":[[11.46,0.28],[-1.045,-2.92],[-1.17,0],[-0.502,2.92],[-0.929,0.12],[-0.198,-1.23],[-3.134,0],[-0.637,1.77]],"o":[[-11.46,0.28],[0.637,1.77],[3.134,0],[0.198,-1.23],[0.93,0.12],[0.501,2.92],[1.17,0],[1.045,-2.92]],"v":[[0,-7.995],[-9.42,6.682],[-6.286,9.682],[-2.089,-0.005],[0,-1.845],[2.089,-0.005],[6.25,9.682],[9.384,6.682]],"c":true}]},{"t":20,"s":[{"i":[[11.46,0.28],[-1.045,-2.92],[-1.17,0],[-0.502,2.92],[-0.929,0.12],[-0.198,-1.23],[-3.134,0],[-0.637,1.77]],"o":[[-11.46,0.28],[0.637,1.77],[3.134,0],[0.198,-1.23],[0.93,0.12],[0.501,2.92],[1.17,0],[1.045,-2.92]],"v":[[0,-7.995],[-9.402,4.995],[-6.268,7.995],[-2.089,-0.005],[0,-1.845],[2.089,-0.005],[6.268,7.995],[9.402,4.995]],"c":true}]}],"ix":2},"nm":"Path 1","mn":"ADBE Vector Shape - Group","hd":false},{"ty":"fl","c":{"a":0,"k":[1,0.627451002598,0,1],"ix":4},"o":{"a":0,"k":100,"ix":5},"r":1,"bm":0,"nm":"Fill 1","mn":"ADBE Vector Graphic - Fill","hd":false},{"ty":"tr","p":{"a":0,"k":[24,24.005],"ix":2},"a":{"a":0,"k":[0,0],"ix":1},"s":{"a":0,"k":[100,100],"ix":3},"r":{"a":0,"k":0,"ix":6},"o":{"a":0,"k":100,"ix":7},"sk":{"a":0,"k":0,"ix":4},"sa":{"a":0,"k":0,"ix":5},"nm":"Transform"}],"nm":"Group 2","np":2,"cix":2,"bm":0,"ix":2,"mn":"ADBE Vector Group","hd":false}],"ip":0,"op":28,"st":0,"bm":0},{"ddd":0,"ind":2,"ty":4,"nm":"mask   ","td":1,"sr":1,"ks":{"o":{"a":0,"k":100,"ix":11},"r":{"a":0,"k":0,"ix":10},"p":{"a":0,"k":[24,17,0],"ix":2},"a":{"a":0,"k":[24,17,0],"ix":1},"s":{"a":0,"k":[100,100,100],"ix":6}},"ao":0,"shapes":[{"ty":"gr","it":[{"ind":0,"ty":"sh","ix":1,"ks":{"a":0,"k":{"i":[[0,-2.761],[2.761,0],[0,2.761],[-2.761,0]],"o":[[0,2.761],[-2.761,0],[0,-2.761],[2.761,0]],"v":[[5,0],[0,5],[-5,0],[0,-5]],"c":true},"ix":2},"nm":"Path 1","mn":"ADBE Vector Shape - Group","hd":false},{"ty":"fl","c":{"a":0,"k":[0.129411771894,0.129411771894,0.129411771894,1],"ix":4},"o":{"a":0,"k":100,"ix":5},"r":1,"bm":0,"nm":"Fill 1","mn":"ADBE Vector Graphic - Fill","hd":false},{"ty":"tr","p":{"a":0,"k":[32,17],"ix":2},"a":{"a":0,"k":[0,0],"ix":1},"s":{"a":0,"k":[100,100],"ix":3},"r":{"a":0,"k":0,"ix":6},"o":{"a":0,"k":100,"ix":7},"sk":{"a":0,"k":0,"ix":4},"sa":{"a":0,"k":0,"ix":5},"nm":"Transform"}],"nm":"Group 1","np":2,"cix":2,"bm":0,"ix":1,"mn":"ADBE Vector Group","hd":false},{"ty":"gr","it":[{"ind":0,"ty":"sh","ix":1,"ks":{"a":0,"k":{"i":[[0,-2.761],[2.761,0],[0,2.761],[-2.761,0]],"o":[[0,2.761],[-2.761,0],[0,-2.761],[2.761,0]],"v":[[5,0],[0,5],[-5,0],[0,-5]],"c":true},"ix":2},"nm":"Path 1","mn":"ADBE Vector Shape - Group","hd":false},{"ty":"fl","c":{"a":0,"k":[0.129411771894,0.129411771894,0.129411771894,1],"ix":4},"o":{"a":0,"k":100,"ix":5},"r":1,"bm":0,"nm":"Fill 1","mn":"ADBE Vector Graphic - Fill","hd":false},{"ty":"tr","p":{"a":0,"k":[16,17],"ix":2},"a":{"a":0,"k":[0,0],"ix":1},"s":{"a":0,"k":[100,100],"ix":3},"r":{"a":0,"k":0,"ix":6},"o":{"a":0,"k":100,"ix":7},"sk":{"a":0,"k":0,"ix":4},"sa":{"a":0,"k":0,"ix":5},"nm":"Transform"}],"nm":"Group 2","np":2,"cix":2,"bm":0,"ix":2,"mn":"ADBE Vector Group","hd":false}],"ip":0,"op":28,"st":0,"bm":0},{"ddd":0,"ind":3,"ty":4,"nm":"pupils","tt":1,"sr":1,"ks":{"o":{"a":0,"k":100,"ix":11},"r":{"a":0,"k":0,"ix":10},"p":{"a":0,"k":[28,14,0],"ix":2},"a":{"a":0,"k":[28,14,0],"ix":1},"s":{"a":0,"k":[100,100,100],"ix":6}},"ao":0,"shapes":[{"ty":"gr","it":[{"ind":0,"ty":"sh","ix":1,"ks":{"a":1,"k":[{"i":{"x":0.833,"y":0.833},"o":{"x":0.167,"y":0.167},"t":0,"s":[{"i":[[0,-2.761],[2.761,0],[0,2.761],[-2.761,0]],"o":[[0,2.761],[-2.761,0],[0,-2.761],[2.761,0]],"v":[[5,0],[0,5],[-5,0],[0,-5]],"c":true}]},{"i":{"x":0.833,"y":0.833},"o":{"x":0.167,"y":0.167},"t":7,"s":[{"i":[[0,-2.761],[2.761,0],[0,2.761],[-2.761,0]],"o":[[0,2.761],[-2.761,0],[0,-2.761],[2.761,0]],"v":[[3.313,-1.375],[-1.688,3.625],[-6.688,-1.375],[-1.688,-6.375]],"c":true}]},{"i":{"x":0.833,"y":0.833},"o":{"x":0.167,"y":0.167},"t":14,"s":[{"i":[[0,-2.761],[2.761,0],[0,2.761],[-2.761,0]],"o":[[0,2.761],[-2.761,0],[0,-2.761],[2.761,0]],"v":[[5,0],[0,5],[-5,0],[0,-5]],"c":true}]},{"i":{"x":0.833,"y":0.833},"o":{"x":0.167,"y":0.167},"t":21,"s":[{"i":[[0,-2.761],[2.761,0],[0,2.761],[-2.761,0]],"o":[[0,2.761],[-2.761,0],[0,-2.761],[2.761,0]],"v":[[3.313,-1.375],[-1.688,3.625],[-6.688,-1.375],[-1.688,-6.375]],"c":true}]},{"t":28,"s":[{"i":[[0,-2.761],[2.761,0],[0,2.761],[-2.761,0]],"o":[[0,2.761],[-2.761,0],[0,-2.761],[2.761,0]],"v":[[5,0],[0,5],[-5,0],[0,-5]],"c":true}]}],"ix":2},"nm":"Path 1","mn":"ADBE Vector Shape - Group","hd":false},{"ty":"fl","c":{"a":0,"k":[0.980392158031,0.980392158031,0.980392158031,1],"ix":4},"o":{"a":0,"k":100,"ix":5},"r":1,"bm":0,"nm":"Fill 1","mn":"ADBE Vector Graphic - Fill","hd":false},{"ty":"tr","p":{"a":0,"k":[36,14],"ix":2},"a":{"a":0,"k":[0,0],"ix":1},"s":{"a":0,"k":[100,100],"ix":3},"r":{"a":0,"k":0,"ix":6},"o":{"a":0,"k":100,"ix":7},"sk":{"a":0,"k":0,"ix":4},"sa":{"a":0,"k":0,"ix":5},"nm":"Transform"}],"nm":"Group 1","np":2,"cix":2,"bm":0,"ix":1,"mn":"ADBE Vector Group","hd":false},{"ty":"gr","it":[{"ind":0,"ty":"sh","ix":1,"ks":{"a":1,"k":[{"i":{"x":0.833,"y":0.833},"o":{"x":0.167,"y":0.167},"t":0,"s":[{"i":[[0,-2.761],[2.761,0],[0,2.761],[-2.761,0]],"o":[[0,2.761],[-2.761,0],[0,-2.761],[2.761,0]],"v":[[5,0],[0,5],[-5,0],[0,-5]],"c":true}]},{"i":{"x":0.833,"y":0.833},"o":{"x":0.167,"y":0.167},"t":7,"s":[{"i":[[0,-2.761],[2.761,0],[0,2.761],[-2.761,0]],"o":[[0,2.761],[-2.761,0],[0,-2.761],[2.761,0]],"v":[[3.313,-1.375],[-1.688,3.625],[-6.688,-1.375],[-1.688,-6.375]],"c":true}]},{"i":{"x":0.833,"y":0.833},"o":{"x":0.167,"y":0.167},"t":14,"s":[{"i":[[0,-2.761],[2.761,0],[0,2.761],[-2.761,0]],"o":[[0,2.761],[-2.761,0],[0,-2.761],[2.761,0]],"v":[[5,0],[0,5],[-5,0],[0,-5]],"c":true}]},{"i":{"x":0.833,"y":0.833},"o":{"x":0.167,"y":0.167},"t":21,"s":[{"i":[[0,-2.761],[2.761,0],[0,2.761],[-2.761,0]],"o":[[0,2.761],[-2.761,0],[0,-2.761],[2.761,0]],"v":[[3.313,-1.375],[-1.688,3.625],[-6.688,-1.375],[-1.688,-6.375]],"c":true}]},{"t":28,"s":[{"i":[[0,-2.761],[2.761,0],[0,2.761],[-2.761,0]],"o":[[0,2.761],[-2.761,0],[0,-2.761],[2.761,0]],"v":[[5,0],[0,5],[-5,0],[0,-5]],"c":true}]}],"ix":2},"nm":"Path 1","mn":"ADBE Vector Shape - Group","hd":false},{"ty":"fl","c":{"a":0,"k":[0.980392158031,0.980392158031,0.980392158031,1],"ix":4},"o":{"a":0,"k":100,"ix":5},"r":1,"bm":0,"nm":"Fill 1","mn":"ADBE Vector Graphic - Fill","hd":false},{"ty":"tr","p":{"a":0,"k":[20,14],"ix":2},"a":{"a":0,"k":[0,0],"ix":1},"s":{"a":0,"k":[100,100],"ix":3},"r":{"a":0,"k":0,"ix":6},"o":{"a":0,"k":100,"ix":7},"sk":{"a":0,"k":0,"ix":4},"sa":{"a":0,"k":0,"ix":5},"nm":"Transform"}],"nm":"Group 2","np":2,"cix":2,"bm":0,"ix":2,"mn":"ADBE Vector Group","hd":false}],"ip":0,"op":28,"st":0,"bm":0},{"ddd":0,"ind":4,"ty":4,"nm":"eyes","sr":1,"ks":{"o":{"a":0,"k":100,"ix":11},"r":{"a":0,"k":0,"ix":10},"p":{"a":0,"k":[24,17,0],"ix":2},"a":{"a":0,"k":[24,17,0],"ix":1},"s":{"a":0,"k":[100,100,100],"ix":6}},"ao":0,"shapes":[{"ty":"gr","it":[{"ind":0,"ty":"sh","ix":1,"ks":{"a":0,"k":{"i":[[0,-2.761],[2.761,0],[0,2.761],[-2.761,0]],"o":[[0,2.761],[-2.761,0],[0,-2.761],[2.761,0]],"v":[[5,0],[0,5],[-5,0],[0,-5]],"c":true},"ix":2},"nm":"Path 1","mn":"ADBE Vector Shape - Group","hd":false},{"ty":"fl","c":{"a":0,"k":[0.129411771894,0.129411771894,0.129411771894,1],"ix":4},"o":{"a":0,"k":100,"ix":5},"r":1,"bm":0,"nm":"Fill 1","mn":"ADBE Vector Graphic - Fill","hd":false},{"ty":"tr","p":{"a":0,"k":[32,17],"ix":2},"a":{"a":0,"k":[0,0],"ix":1},"s":{"a":0,"k":[100,100],"ix":3},"r":{"a":0,"k":0,"ix":6},"o":{"a":0,"k":100,"ix":7},"sk":{"a":0,"k":0,"ix":4},"sa":{"a":0,"k":0,"ix":5},"nm":"Transform"}],"nm":"Group 1","np":2,"cix":2,"bm":0,"ix":1,"mn":"ADBE Vector Group","hd":false},{"ty":"gr","it":[{"ind":0,"ty":"sh","ix":1,"ks":{"a":0,"k":{"i":[[0,-2.761],[2.761,0],[0,2.761],[-2.761,0]],"o":[[0,2.761],[-2.761,0],[0,-2.761],[2.761,0]],"v":[[5,0],[0,5],[-5,0],[0,-5]],"c":true},"ix":2},"nm":"Path 1","mn":"ADBE Vector Shape - Group","hd":false},{"ty":"fl","c":{"a":0,"k":[0.129411771894,0.129411771894,0.129411771894,1],"ix":4},"o":{"a":0,"k":100,"ix":5},"r":1,"bm":0,"nm":"Fill 1","mn":"ADBE Vector Graphic - Fill","hd":false},{"ty":"tr","p":{"a":0,"k":[16,17],"ix":2},"a":{"a":0,"k":[0,0],"ix":1},"s":{"a":0,"k":[100,100],"ix":3},"r":{"a":0,"k":0,"ix":6},"o":{"a":0,"k":100,"ix":7},"sk":{"a":0,"k":0,"ix":4},"sa":{"a":0,"k":0,"ix":5},"nm":"Transform"}],"nm":"Group 2","np":2,"cix":2,"bm":0,"ix":2,"mn":"ADBE Vector Group","hd":false}],"ip":0,"op":28,"st":0,"bm":0},{"ddd":0,"ind":5,"ty":4,"nm":"mask","td":1,"sr":1,"ks":{"o":{"a":0,"k":100,"ix":11},"r":{"a":0,"k":0,"ix":10},"p":{"a":0,"k":[24,27.496,0],"ix":2},"a":{"a":0,"k":[0,0,0],"ix":1},"s":{"a":0,"k":[100,100,100],"ix":6}},"ao":0,"shapes":[{"ty":"gr","it":[{"ind":0,"ty":"sh","ix":1,"ks":{"a":1,"k":[{"i":{"x":0.667,"y":1},"o":{"x":0.333,"y":0},"t":2,"s":[{"i":[[2.284,0],[1.587,1.246],[-3.061,0],[-0.367,3.949]],"o":[[-2.284,0],[0.367,3.949],[3.061,0],[-1.587,1.246]],"v":[[0,-1.496],[-5.949,-3.504],[0,3.504],[5.949,-3.504]],"c":true}]},{"i":{"x":0.667,"y":1},"o":{"x":0.333,"y":0},"t":9,"s":[{"i":[[1.523,0.016],[-0.009,-0.898],[-1.469,-0.015],[0.054,1.1]],"o":[[-1.406,-0.014],[0.012,1.141],[1.547,0.016],[0.004,-0.969]],"v":[[0,-1.496],[-1.996,0.855],[0,3.504],[1.996,0.902]],"c":true}]},{"i":{"x":0.667,"y":1},"o":{"x":0.333,"y":0},"t":10,"s":[{"i":[[1.297,0],[-0.009,-0.898],[-1.266,0],[0.054,1.1]],"o":[[-1.172,0],[0.012,1.141],[1.266,0],[0.004,-0.969]],"v":[[0,-0.84],[-1.992,1.059],[0,3.145],[2,1.105]],"c":true}]},{"i":{"x":0.667,"y":1},"o":{"x":0.333,"y":0},"t":18,"s":[{"i":[[1.297,0],[-0.009,-0.898],[-1.266,0],[0.054,1.1]],"o":[[-1.172,0],[0.012,1.141],[1.266,0],[0.004,-0.969]],"v":[[0,-0.84],[-1.992,1.059],[0,3.145],[2,1.105]],"c":true}]},{"i":{"x":0.667,"y":1},"o":{"x":0.333,"y":0},"t":19,"s":[{"i":[[1.523,0.016],[-0.009,-0.898],[-1.469,-0.015],[0.054,1.1]],"o":[[-1.406,-0.014],[0.012,1.141],[1.547,0.016],[0.004,-0.969]],"v":[[0,-1.496],[-1.996,0.855],[0,3.504],[1.996,0.902]],"c":true}]},{"t":26,"s":[{"i":[[2.284,0],[1.587,1.246],[-3.061,0],[-0.367,3.949]],"o":[[-2.284,0],[0.367,3.949],[3.061,0],[-1.587,1.246]],"v":[[0,-1.496],[-5.949,-3.504],[0,3.504],[5.949,-3.504]],"c":true}]}],"ix":2},"nm":"Path 1","mn":"ADBE Vector Shape - Group","hd":false},{"ty":"fl","c":{"a":0,"k":[0.509803950787,0.086274512112,0.086274512112,1],"ix":4},"o":{"a":0,"k":100,"ix":5},"r":1,"bm":0,"nm":"Fill 1","mn":"ADBE Vector Graphic - Fill","hd":false},{"ty":"tr","p":{"a":0,"k":[0,0],"ix":2},"a":{"a":0,"k":[0,0],"ix":1},"s":{"a":0,"k":[100,100],"ix":3},"r":{"a":0,"k":0,"ix":6},"o":{"a":0,"k":100,"ix":7},"sk":{"a":0,"k":0,"ix":4},"sa":{"a":0,"k":0,"ix":5},"nm":"Transform"}],"nm":"Group 1","np":2,"cix":2,"bm":0,"ix":1,"mn":"ADBE Vector Group","hd":false}],"ip":0,"op":28,"st":0,"bm":0},{"ddd":0,"ind":6,"ty":4,"nm":"tongue","tt":1,"sr":1,"ks":{"o":{"a":0,"k":100,"ix":11},"r":{"a":0,"k":0,"ix":10},"p":{"a":0,"k":[23,30,0],"ix":2},"a":{"a":0,"k":[0,0,0],"ix":1},"s":{"a":0,"k":[100,100,100],"ix":6}},"ao":0,"shapes":[{"ty":"gr","it":[{"ind":0,"ty":"sh","ix":1,"ks":{"a":0,"k":{"i":[[0,-1.105],[1.657,0],[0,1.105],[-1.657,0]],"o":[[0,1.105],[-1.657,0],[0,-1.105],[1.657,0]],"v":[[3,0],[0,2],[-3,0],[0,-2]],"c":true},"ix":2},"nm":"Path 1","mn":"ADBE Vector Shape - Group","hd":false},{"ty":"fl","c":{"a":0,"k":[0.898039221764,0.450980395079,0.450980395079,1],"ix":4},"o":{"a":0,"k":100,"ix":5},"r":1,"bm":0,"nm":"Fill 1","mn":"ADBE Vector Graphic - Fill","hd":false},{"ty":"tr","p":{"a":1,"k":[{"i":{"x":0.667,"y":1},"o":{"x":0.333,"y":0},"t":5,"s":[0,0],"to":[0,0.667],"ti":[0,-0.667]},{"i":{"x":0.667,"y":0.667},"o":{"x":0.333,"y":0.333},"t":9,"s":[0,4],"to":[0,0],"ti":[0,0]},{"i":{"x":0.667,"y":1},"o":{"x":0.333,"y":0},"t":19,"s":[0,4],"to":[0,-0.667],"ti":[0,0.667]},{"t":23,"s":[0,0]}],"ix":2},"a":{"a":0,"k":[0,0],"ix":1},"s":{"a":0,"k":[100,100],"ix":3},"r":{"a":0,"k":0,"ix":6},"o":{"a":0,"k":100,"ix":7},"sk":{"a":0,"k":0,"ix":4},"sa":{"a":0,"k":0,"ix":5},"nm":"Transform"}],"nm":"Group 1","np":2,"cix":2,"bm":0,"ix":1,"mn":"ADBE Vector Group","hd":false}],"ip":0,"op":28,"st":0,"bm":0},{"ddd":0,"ind":7,"ty":4,"nm":"mouth","sr":1,"ks":{"o":{"a":0,"k":100,"ix":11},"r":{"a":0,"k":0,"ix":10},"p":{"a":0,"k":[24,27.496,0],"ix":2},"a":{"a":0,"k":[0,0,0],"ix":1},"s":{"a":0,"k":[100,100,100],"ix":6}},"ao":0,"shapes":[{"ty":"gr","it":[{"ind":0,"ty":"sh","ix":1,"ks":{"a":1,"k":[{"i":{"x":0.667,"y":1},"o":{"x":0.333,"y":0},"t":2,"s":[{"i":[[2.284,0],[1.587,1.246],[-3.061,0],[-0.367,3.949]],"o":[[-2.284,0],[0.367,3.949],[3.061,0],[-1.587,1.246]],"v":[[0,-1.496],[-5.949,-3.504],[0,3.504],[5.949,-3.504]],"c":true}]},{"i":{"x":0.667,"y":1},"o":{"x":0.333,"y":0},"t":9,"s":[{"i":[[1.523,0.016],[-0.009,-0.898],[-1.469,-0.015],[0.054,1.1]],"o":[[-1.406,-0.014],[0.012,1.141],[1.547,0.016],[0.004,-0.969]],"v":[[0,-1.496],[-1.996,0.855],[0,3.504],[1.996,0.902]],"c":true}]},{"i":{"x":0.667,"y":1},"o":{"x":0.333,"y":0},"t":10,"s":[{"i":[[1.297,0],[-0.009,-0.898],[-1.266,0],[0.054,1.1]],"o":[[-1.172,0],[0.012,1.141],[1.266,0],[0.004,-0.969]],"v":[[0,-0.84],[-1.992,1.059],[0,3.145],[2,1.105]],"c":true}]},{"i":{"x":0.667,"y":1},"o":{"x":0.333,"y":0},"t":18,"s":[{"i":[[1.297,0],[-0.009,-0.898],[-1.266,0],[0.054,1.1]],"o":[[-1.172,0],[0.012,1.141],[1.266,0],[0.004,-0.969]],"v":[[0,-0.84],[-1.992,1.059],[0,3.145],[2,1.105]],"c":true}]},{"i":{"x":0.667,"y":1},"o":{"x":0.333,"y":0},"t":19,"s":[{"i":[[1.523,0.016],[-0.009,-0.898],[-1.469,-0.015],[0.054,1.1]],"o":[[-1.406,-0.014],[0.012,1.141],[1.547,0.016],[0.004,-0.969]],"v":[[0,-1.496],[-1.996,0.855],[0,3.504],[1.996,0.902]],"c":true}]},{"t":26,"s":[{"i":[[2.284,0],[1.587,1.246],[-3.061,0],[-0.367,3.949]],"o":[[-2.284,0],[0.367,3.949],[3.061,0],[-1.587,1.246]],"v":[[0,-1.496],[-5.949,-3.504],[0,3.504],[5.949,-3.504]],"c":true}]}],"ix":2},"nm":"Path 1","mn":"ADBE Vector Shape - Group","hd":false},{"ty":"fl","c":{"a":0,"k":[0.509803950787,0.086274512112,0.086274512112,1],"ix":4},"o":{"a":0,"k":100,"ix":5},"r":1,"bm":0,"nm":"Fill 1","mn":"ADBE Vector Graphic - Fill","hd":false},{"ty":"tr","p":{"a":0,"k":[0,0],"ix":2},"a":{"a":0,"k":[0,0],"ix":1},"s":{"a":0,"k":[100,100],"ix":3},"r":{"a":0,"k":0,"ix":6},"o":{"a":0,"k":100,"ix":7},"sk":{"a":0,"k":0,"ix":4},"sa":{"a":0,"k":0,"ix":5},"nm":"Transform"}],"nm":"Group 1","np":2,"cix":2,"bm":0,"ix":1,"mn":"ADBE Vector Group","hd":false}],"ip":0,"op":28,"st":0,"bm":0},{"ddd":0,"ind":8,"ty":4,"nm":"body","sr":1,"ks":{"o":{"a":0,"k":100,"ix":11},"r":{"a":0,"k":0,"ix":10},"p":{"a":0,"k":[24,24.5,0],"ix":2},"a":{"a":0,"k":[0,0,0],"ix":1},"s":{"a":0,"k":[100,100,100],"ix":6}},"ao":0,"shapes":[{"ty":"gr","it":[{"ind":0,"ty":"sh","ix":1,"ks":{"a":1,"k":[{"i":{"x":0.667,"y":1},"o":{"x":0.333,"y":0},"t":3,"s":[{"i":[[0,-8],[3,0],[0.5,0.5],[0,0],[0,0],[0,0],[1.5,0],[0,2],[-13,0]],"o":[[0,2],[-1.5,0],[0,0],[0,0],[0,0],[-0.5,0.5],[-2.956,0],[0,-8],[13,0]],"v":[[20,-1.5],[17,5.5],[14,4.5],[14,19.5],[-14,19.5],[-14,4.5],[-17,5.5],[-20,-1.5],[0,-19.5]],"c":true}]},{"i":{"x":0.667,"y":1},"o":{"x":0.333,"y":0},"t":5,"s":[{"i":[[0,-8],[3,0],[0.5,0.5],[0,0],[0,0],[0,0],[1.5,0],[0,2],[-13,0]],"o":[[0,2],[-1.5,0],[0,0],[0,0],[0,0],[-0.5,0.5],[-2.956,0],[0,-8],[13,0]],"v":[[20,-0.875],[17,6.125],[14,5.125],[14,19.5],[-14,19.5],[-14,5.125],[-17,6.125],[-20,-0.875],[0,-18.875]],"c":true}]},{"i":{"x":0.667,"y":1},"o":{"x":0.333,"y":0},"t":9,"s":[{"i":[[0,-8],[3,0],[0.5,0.5],[0,0],[0,0],[0,0],[1.5,0],[0,2],[-13,0]],"o":[[0,2],[-1.5,0],[0,0],[0,0],[0,0],[-0.5,0.5],[-2.956,0],[0,-8],[13,0]],"v":[[20,-2.25],[17,4.75],[14,3.75],[14,19.5],[-14,19.5],[-14,3.75],[-17,4.75],[-20,-2.25],[0,-20.25]],"c":true}]},{"i":{"x":0.667,"y":1},"o":{"x":0.333,"y":0},"t":11,"s":[{"i":[[0,-8],[3,0],[0.5,0.5],[0,0],[0,0],[0,0],[1.5,0],[0,2],[-13,0]],"o":[[0,2],[-1.5,0],[0,0],[0,0],[0,0],[-0.5,0.5],[-2.956,0],[0,-8],[13,0]],"v":[[20,-1.5],[17,5.5],[14,4.5],[14,19.5],[-14,19.5],[-14,4.5],[-17,5.5],[-20,-1.5],[0,-19.5]],"c":true}]},{"t":25,"s":[{"i":[[0,-8],[3,0],[0.5,0.5],[0,0],[0,0],[0,0],[1.5,0],[0,2],[-13,0]],"o":[[0,2],[-1.5,0],[0,0],[0,0],[0,0],[-0.5,0.5],[-2.956,0],[0,-8],[13,0]],"v":[[20,-1.5],[17,5.5],[14,4.5],[14,19.5],[-14,19.5],[-14,4.5],[-17,5.5],[-20,-1.5],[0,-19.5]],"c":true}]}],"ix":2},"nm":"Path 1","mn":"ADBE Vector Shape - Group","hd":false},{"ty":"fl","c":{"a":0,"k":[0.984313726425,0.752941191196,0.176470592618,1],"ix":4},"o":{"a":0,"k":100,"ix":5},"r":1,"bm":0,"nm":"Fill 1","mn":"ADBE Vector Graphic - Fill","hd":false},{"ty":"tr","p":{"a":0,"k":[0,0],"ix":2},"a":{"a":0,"k":[0,0],"ix":1},"s":{"a":0,"k":[100,100],"ix":3},"r":{"a":0,"k":0,"ix":6},"o":{"a":0,"k":100,"ix":7},"sk":{"a":0,"k":0,"ix":4},"sa":{"a":0,"k":0,"ix":5},"nm":"Transform"}],"nm":"Group 1","np":2,"cix":2,"bm":0,"ix":1,"mn":"ADBE Vector Group","hd":false}],"ip":0,"op":28,"st":0,"bm":0},{"ddd":0,"ind":9,"ty":4,"nm":"hands","sr":1,"ks":{"o":{"a":0,"k":100,"ix":11},"r":{"a":0,"k":0,"ix":10},"p":{"a":0,"k":[24,35.5,0],"ix":2},"a":{"a":0,"k":[24,35.5,0],"ix":1},"s":{"a":0,"k":[100,100,100],"ix":6}},"ao":0,"shapes":[{"ty":"gr","it":[{"ind":0,"ty":"sh","ix":1,"ks":{"a":1,"k":[{"i":{"x":0.667,"y":1},"o":{"x":0.333,"y":0},"t":2,"s":[{"i":[[0,0],[0,0],[0,0]],"o":[[0,0],[0,0],[0,0]],"v":[[0,-8.5],[0,1.678],[0,8.5]],"c":false}]},{"i":{"x":0.667,"y":1},"o":{"x":0.333,"y":0},"t":4,"s":[{"i":[[0.083,-2.103],[0.055,-4.077],[-0.063,-3.375]],"o":[[-0.188,4.75],[-0.042,3.111],[0.02,1.063]],"v":[[0,-8.5],[-1.708,1.452],[0,8.5]],"c":false}]},{"i":{"x":0.667,"y":1},"o":{"x":0.333,"y":0},"t":6,"s":[{"i":[[0.125,-6.313],[-0.063,-3.688],[0,-4.563]],"o":[[-0.125,6.313],[0.051,3],[0,3.188]],"v":[[0,-8.5],[-3.688,1],[0,8.5]],"c":false}]},{"i":{"x":0.667,"y":1},"o":{"x":0.333,"y":0},"t":22,"s":[{"i":[[0.125,-6.313],[-0.063,-3.688],[0,-4.563]],"o":[[-0.125,6.313],[0.051,3],[0,3.188]],"v":[[0,-8.5],[-3.688,1],[0,8.5]],"c":false}]},{"i":{"x":0.667,"y":1},"o":{"x":0.333,"y":0},"t":24,"s":[{"i":[[0.083,-2.103],[0.055,-4.077],[-0.063,-3.375]],"o":[[-0.188,4.75],[-0.042,3.111],[0.02,1.063]],"v":[[0,-8.5],[-1.708,1.452],[0,8.5]],"c":false}]},{"t":26,"s":[{"i":[[0,0],[0,0],[0,0]],"o":[[0,0],[0,0],[0,0]],"v":[[0,-8.5],[0,1.678],[0,8.5]],"c":false}]}],"ix":2},"nm":"Path 1","mn":"ADBE Vector Shape - Group","hd":false},{"ty":"st","c":{"a":0,"k":[0.976470589638,0.658823549747,0.145098045468,1],"ix":3},"o":{"a":0,"k":100,"ix":4},"w":{"a":0,"k":3,"ix":5},"lc":1,"lj":1,"ml":10,"bm":0,"nm":"Stroke 1","mn":"ADBE Vector Graphic - Stroke","hd":false},{"ty":"tr","p":{"a":0,"k":[8.5,35.5],"ix":2},"a":{"a":0,"k":[0,0],"ix":1},"s":{"a":0,"k":[100,100],"ix":3},"r":{"a":0,"k":0,"ix":6},"o":{"a":0,"k":100,"ix":7},"sk":{"a":0,"k":0,"ix":4},"sa":{"a":0,"k":0,"ix":5},"nm":"Transform"}],"nm":"Group 1","np":2,"cix":2,"bm":0,"ix":1,"mn":"ADBE Vector Group","hd":false},{"ty":"gr","it":[{"ind":0,"ty":"sh","ix":1,"ks":{"a":1,"k":[{"i":{"x":0.667,"y":1},"o":{"x":0.333,"y":0},"t":2,"s":[{"i":[[0,0],[0,0],[0,0]],"o":[[0,0],[0,0],[0,0]],"v":[[0,-8.5],[0,1.953],[0,8.5]],"c":false}]},{"i":{"x":0.667,"y":1},"o":{"x":0.333,"y":0},"t":4,"s":[{"i":[[0.017,-1.313],[0,-4.032],[0,-2.188]],"o":[[-0.063,4.938],[0,3.469],[0,1.083]],"v":[[0,-8.5],[1.563,1.344],[0,8.5]],"c":false}]},{"i":{"x":0.667,"y":1},"o":{"x":0.333,"y":0},"t":6,"s":[{"i":[[-0.125,-3.938],[0,-3.5],[0,-4.438]],"o":[[0.125,3.938],[0,3.313],[0,3.25]],"v":[[0,-8.5],[3.688,0.125],[0,8.5]],"c":false}]},{"i":{"x":0.667,"y":1},"o":{"x":0.333,"y":0},"t":22,"s":[{"i":[[-0.125,-3.938],[0,-3.5],[0,-4.438]],"o":[[0.125,3.938],[0,3.313],[0,3.25]],"v":[[0,-8.5],[3.688,0.125],[0,8.5]],"c":false}]},{"i":{"x":0.667,"y":1},"o":{"x":0.333,"y":0},"t":24,"s":[{"i":[[0.017,-1.313],[0,-4.032],[0,-2.188]],"o":[[-0.063,4.938],[0,3.469],[0,1.083]],"v":[[0,-8.5],[1.563,1.344],[0,8.5]],"c":false}]},{"t":26,"s":[{"i":[[0,0],[0,0],[0,0]],"o":[[0,0],[0,0],[0,0]],"v":[[0,-8.5],[0,1.953],[0,8.5]],"c":false}]}],"ix":2},"nm":"Path 1","mn":"ADBE Vector Shape - Group","hd":false},{"ty":"st","c":{"a":0,"k":[0.976470589638,0.658823549747,0.145098045468,1],"ix":3},"o":{"a":0,"k":100,"ix":4},"w":{"a":0,"k":3,"ix":5},"lc":1,"lj":1,"ml":10,"bm":0,"nm":"Stroke 1","mn":"ADBE Vector Graphic - Stroke","hd":false},{"ty":"tr","p":{"a":0,"k":[39.5,35.5],"ix":2},"a":{"a":0,"k":[0,0],"ix":1},"s":{"a":0,"k":[100,100],"ix":3},"r":{"a":0,"k":0,"ix":6},"o":{"a":0,"k":100,"ix":7},"sk":{"a":0,"k":0,"ix":4},"sa":{"a":0,"k":0,"ix":5},"nm":"Transform"}],"nm":"Group 2","np":2,"cix":2,"bm":0,"ix":2,"mn":"ADBE Vector Group","hd":false}],"ip":0,"op":28,"st":0,"bm":0}],"markers":[]}